subject,alternates,children,parent (lookup)
A'wa'etłala,,,Kwakwaka'wakw
Aaniiih,A'aninin; Atsina; Gros Ventre,,
Abenaki,Abnaki,,Wabanaki
Abipon,,,
Achumawi,Pit River; Achomawi; Ajumawi,,
Acjachemen,Juaneño,,
Acoma,Áakʾùumʾé; Keres,,
Adai,,,
Aguaruna,Awajún,,
Ahousaht,,,Nuu-chah-nulth
Ahtna,Atna; Ahtena,,
Aimoré,Botocudo,,
Ainu,,,
Aivilingmiut,Aivilik,,Inuit
Akan,,,
Akimel O'odham,Pima,,
Alabama,Alibamu,,Creek
Alaska Native,,,
Algonquian,,,
Algonquin,,,Anishinaabe
Alsea,,,
Alutiiq,,,
Amuzgo,Amochco; Amoxco; Ñuuñama,,
Anishinaabe,Anishinaabeg; Anishinabe; Nishnaabe; Anishinabek,"Algonquin,Nipissing,Odawa,Ojibwe,Potawatomi",
Apache,Inde,"""Apache, Chiricahua"",""Apache, Jicarilla"",""Apache, Kiowa"",""Apache, Lipan"",""Apache, Mescalero"",""Apache, Plains"",""Apache, Western""",
"Apache, Chiricahua",Nde,,Apache
"Apache, Jicarilla",,,Apache
"Apache, Kiowa",,,Apache
"Apache, Lipan",,,Apache
"Apache, Mescalero",,,Apache
"Apache, Plains",,,Apache
"Apache, Western","Apache, San Carlos",,Apache
Apalachee,,,
Apinayé,Apinajé,,
Arapaho,Arapahoe,,
Arhuaco,,,
Arikara,Sahnish; Arikaree; Hundi,,
Aruban,,,
Asmat,,,
Assiniboine,Assiniboin; Nakoda; Hohe; Nakota,,Oceti Sakowin
Atakapa,Atacapa,,
Athna,,,
Atikamekw,Têtes-de-Boules; Têtes de Boules; Tete de Boule,,
Atsugewi,Pit River,,
Avoyelles,Avoyel,,
Aymara,Aimara,,
Ayoreo,Ayoreode,,
Aztec,,,
Baganda,Ganda,,
Bakairi,Kúra; Bacairi,,
Bakuba,,,
Baniwa,Curipaco; Vaniva; Walimanai; Wakuenai,,
Bannock,,,
Batak,,,
Bedouin,,,
Bemba,AbaBemba; Awemba; BaWemba,,
Beothuk,,,
Beta Israel,,,
Biloxi,Tanêks; Tanêksa,,
Blackfeet,Blackfoot; Niitsítapi; Siksika; Siksikaitsitapi,"Kainai,Piikáni",
Bororo,,,
Bribri,Talamanca,,
Caddo,,,
Cahto,Kato,,
Cahuilla,Ivilyuqaletem; ʔívil̃uqaletem; Táxliswet,,
Calusa,,,
Canela,,,
Cashibo,Kashibo; Carapache,,
Catawba,Iswa,,
Cayuga,Gayogohó:no,,Haudenosaunee
Cayuse,Liksiyu; Natítayt,,Sahaptin
Ch'ol,Chol,,
Ch'orti',Chorti,,Maya
CHamorro,,,
Chasta Costa,Shasta Costa; Chastacosta; Rogue River,,
Chatino,Kitse Cha'tño,,
Chatot,Chacato; Chactoo,,
Chehalis,Tsihalis,,
Cheklesahht,Che:k:tles7et'h',,Nuu-chah-nulth
Chemakum,Chimacum; Aqokúlo; Čə́məq̓əm,,
Chemehuevi,Nüwüwü; Tantáwats,,
Cheraw,Saraw,,
Cherokee,,,
Cheyenne,,,
Chiapanec,Chiapaneco,,
Chibcha,Muysca; Muisca,,
Chickahominy,,,
Chickasaw,,,
Chilula,,,
Chimariko,,,
Chinantec,Chinanteco; Yolox; Yetla,,
Chinook,,"Clackamas,Clatsop,Kathlamet,Wasco-Wishram,Wishram",
Chitimacha,,,
Chochenyo,,,Ohlone
Chocholteco,Chocho; Chocholtec; Chochon; Ngigua; Ngiwa,,
Chocó,Embera–Wounaan,,
Choctaw,Chahta,,
Choctaw-Apache,,,
Cholón,,,
"Chontal, Oaxaca",Tequistlatec; Tequistlateco,,
Chowanoke,Chowanoc,,
Chukchi,Chukchee; Чукчи; ԓыгъоравэтԓьат,,
Chumash,,,
Chuukese,Trukese,,
Clackamas,Klackamas,,Chinook
Clatskanie,Tlatskanai; Klatskanai,,
Clatsop,Klatsop,,Chinook
Coahuiltecan,,,
Cocama,Kokáma,,
Cochimí,,,
Cochiti,Kotyit; Keres,,
Cocopah,Cocopa; Cucapáh; Cucapá; Kwapa; Kwii Capáy,,
Colville,sx̌ʷyʔiɬpx,,
Comanche,Nʉmʉnʉʉ,,
Coos,Hanis; Miluk,,
Coquille,Rogue River,,
Cora,Naáyarite,,
Cowichan,,,"Salish, Coast"
"Cowlitz, Lower",,,"Salish, Coast"
Cree,Nēhiyaw; Cri,Omushkego,
Creek,,"Alabama,Muscogee",
Crow,Apsáalooke; Absaroka,,
Cubeo,,,
Cuicatec,Cuicateco,,
Cuitlatec,Cuitlateco,,
Cup'ik,Yupik,,Yup'ik
Cupeño,Kuupangaxwichem,,
Curaçaoan,,,
Da'naxda'xw,,,Kwakwaka'wakw
Dakelh,Carrier; ᑕᗸᒡ,,
Dakota,Dakȟóta,,Oceti Sakowin
Dane-Zaa,Tsattine; Beaver; ᑕᓀᖚ; Dunne-za,,
Deg Xit'an,Deg Hit'an; Deg Hitan; Degexit'an; Kaiyuhkhotana; Ingalik (pej.),,
Delaware,,,
Dena'ina,Tanaina,,
Dene,Athabaskan; Athapascan; Athabascan; Athapaskan,,
Dene Thá,Slave; Slavey,,
Denesuline,Dënesųłiné; Chipewyan,,
Ditidaht,Nitinat,,Nuu-chah-nulth
Duwamish,Dkhʷ'Duw'Absh; Dxʷ'Dəw?Abš,,"Salish, Coast"
Dzawada'enuxw,Tsawataineuk,,Kwakwaka'wakw
Ehattesaht,,,Nuu-chah-nulth
Erie,,,
Ese Ejja,Chama; Ece'je,,
Esselen,,,
Evenki,Эвэнкил,,
Eyak,,,
Fijian,iTaukei,,
Fula,Fulani; Fulɓe,,
Galice,Applegate,,
Gĩkũyũ,Gikuyu; Kikuyu,,
Gitxsan,Gitksan,,
Gopinuxw,,,Kwakwaka'wakw
Greenlandic,Kalaallit; Eskimo (pej.),,Inuit
Guanche,,,
Guarani,,,
Gumbaynggir,Kumbainggar,,
Guna,Kuna; Cuna; Dule,,
Gusgimukw,Koskimo,,Kwakwaka'wakw
Gwa'sala,,,Kwakwaka'wakw
Gwatsinuxw,Quatsino,,Kwakwaka'wakw
Gwawa'enuxw,,,Kwakwaka'wakw
Gwich'in,Kutchin; Loucheux; Tukudh,,
Haida,X̱aayda; X̱aadas; X̱aad; X̱aat,,
Haisla,Xa'islak'ala,,
Haitian,Haïtien,,
Hallowell,,,
Hän,Hwëch'in,,
Haudenosaunee,Iroquois; Onkwehonwe,"Cayuga,Mohawk,Oneida,Onondaga,Seneca,Tuscarora",
Hausa,,,
Havasupai,Havsuw' Baaja,,
Hawaiian,Kānaka Maoli; Hawaiʻi Maoli,,
Heiltsuk,Bella Bella; Haíɫzaqv,,
Hesquiaht,,,Nuu-chah-nulth
Hidatsa,Hiratsa; Hiraacá; Gros Ventre; Minnetaree,,
Hitchiti,,,
Ho-Chunk,Winnebago; Hoocąk,,
Hoh,,,
Holikachuk,Doogh Hit’an,,
Honniasont,,,
Hopi,,,
Hopi-Tewa,Tʰáánu Tééwa,,Tewa
Houma,,,
Hualapai,Walapai,,
Huambisa,Wampis,,
Huastec,Téenek; Wastek; Huasteco; Huaxtec; Wasteko,,
Huave,Huavi; Wabi,,
Huichol,Wixáritari,,
Hupa,Natinixwe; Na:tinixwe; Natinook-wa; Na:tini-xwe; Hoopa,,
Hupacasath,Hupač̓asatḥ; Opetchesaht,,Nuu-chah-nulth
Huu-ay-aht,,,Nuu-chah-nulth
Illinois Confederation,,,
Ilnu,Montagnais; Nehilaw; Mountaineer,,Innu
Inca,,,Quechua
Innu,Montagnais; Mountaineer,"Ilnu,Naskapi",
Inuit,Inuk; Eskimo (pej.); ᐃᓄᐃᑦ,"Aivilingmiut,Greenlandic,Iñupiat,Inuvialuit",
Iñupiat,Iñupiaq; Инупиаты; Eskimo (pej.),,Inuit
Inuvialuit,Inuvialuk,,Inuit
Iowa,Ioway; Báxoje; Bah-Kho-Je,,
Isleta,Tiwa,,
Itelmen,Итәнмән; Ительмены,,
Itza,,,Maya
Ixcatec,Ixcateco,,
Ixil,,,Maya
Jemez,Jemez Pueblo; Walatowa; Towa,,
Jivaro,Jibaro,,
K’ásho Got’ıné,Hare,,Sahtú
K'iche',Quiché,,Maya
K'ómoks,Comox,,
Kabardian,Qabardian; Къэбэрдэй Адыгэ,,
Kainai,Káínaa; Blood,,Blackfeet
Kaingang,Caingangue; Kanhgág,,
Kalapuya,,,
Kalina,Carib; Mainland,,
Kalinago,Carib; Island; Kalhíphona,,
Kalispel,Pend d'Oreille,,
Kalmyk,Хальмгуд; Calmuck; Kalmuk,,
Kanamari,Canamari,,
Kaqchikel,Cakchiquel; Cakchikel; Kaqchiquel,,Maya
Karankawa,,,
Karuk,Karok,,
Kaska,Kaska Dena,,
Kaskaskia,,,
Kathlamet,Cathlamet,,Chinook
Kaw,Kansa; Kanza,,
Kawahiva,Kavahiva,,
Kawaiisu,Nüwa; Nuooah,,
Kawki,Cauqui,,
Kayapo,Caiapó; Cayapo; Mebêngôkre,,
Kerek,,,
Keres,,,
Kewa,Keres; Dîiwʾamʾé; Santo Domingo,,
Kichai,Kitsai,,
Kickapoo,Kikapú; Kiikaapoa,,
Kiksht,,,
Kiliwa,K'olew,,
Kiowa,Ka'igwu,,
Kitanemuk,,,
Klallam,Clallam; S'Klallam; nəxʷsƛ̕ay̕əm,,"Salish, Coast"
Klamath,,,
Klickitat,Klikitat,,Sahaptin
Koasati,Coushatta,,
Kogi,Cogui; Kágaba,,
Konkow,Concow,,Maidu
Konomihu,,,
Koryak,Коряки; нымыланы; чавчувены; алюторцы,,
Kota,Kothar; Kov,,
Koyukon,,,
Kraho,Craho; Craó; Krahô,,
Kru,,,
Ktunaxa,Kootenai; Kootenay; Kutenai; Tonaxa,,
Kumeyaay,Kumiai; Diegueño; Kamia; Tipai-Ipai,,
Kwagu'ł,,,Kwakwaka'wakw
Kwakwaka'wakw,Kwakiutl,"A'wa'etłala,Da'naxda'xw,Dzawada'enuxw,Gopinuxw,Gusgimukw,Gwa'sala,Gwatsinuxw,Gwawa'enuxw,Kwagu'ł,Kwikwasutinuxw,Ławitsis,Lekwiltok,Ma'a̱mtagila,Mamalilikala,Nak'waxda'xw,Namgis,Tłatłasikwala,Wiwekam,Wiweqayi",
Kwikwasutinuxw,,,Kwakwaka'wakw
Kwomtari,,,
Kwtsaan,Quechan; Yuma; Yuman,,
Kyuquot,Ka:'yu:'k't'h',,Nuu-chah-nulth
Lacandon,Hach Winik,,Maya
Ladino,,,
Laguna,Kʾáwáigamʾé; Keres; Kawaika,,
Lakota,,,Oceti Sakowin
Lassik,,,
Ławitsis,,,Kwakwaka'wakw
Lekwiltok,,,Kwakwaka'wakw
Lekwungen,Lekungen; Songhees; Songish; Esquimalt,,"Salish, Coast"
Lenape,Lenni-Lenape; Delaware,Munsee,
Lenca,,,
Lokono,Arawak,,
Luiseño,Payómkawichum,,
Lumbee,,,
Lummi,Xwlemi; Lhaq'temish,,"Salish, Coast"
Ma'a̱mtagila,,,Kwakwaka'wakw
Maasai,,,
Machiguenga,Matsigenka,,
Macushi,Macuxi; Macusi; Teueia; Teweya,,
Maidu,,"Konkow,Nisenan",
Makah,Kwih-dich-chuh-aht; Qʷidiččaʔa·tx̌,,
Mam,,,
Mamalilikala,,,Kwakwaka'wakw
Manche Ch'ol,Cholti,,Maya
Mandan,Nueta,,
Mangue,Chorotega; Choluteca,,
Mani,Mane,,
Māori,,,
Mapuche,Araucanian; Araucano,,
Maroon,,,
Marshallese,,,
Marúbo,,,
Mascogo,,,
Mashpee,Mattachiest; Cummaquid,,Wampanoag
Massachusett,Massachuseuk,,
Matlatzinca,Matlatzinco,,
Mattaponi,,,
Mattole,Bear River,,
Maya,,"Ch'orti',Itza,Ixil,Kaqchikel,K'iche',Lacandon,Manche Ch'ol,Poqomam,Poqomchi',Q'eqchi',Sacapulteco,Tzotzil,Yucatec",
Mayo,Yoreme,,
Mazahua,Hñatho,,
Mazatec,Ha Shuta Enima; Mazateco,,
Menominee,Menomini; Mamaceqtaw,,
Meskwaki,Mesquakie; Musquakie; Sac; Sauk; Fox; Sac-and-Fox,,
Métis,,,
Mi'kmaq,Micmac,,Wabanaki
Miami,Myaamiaki,,
Mikasuki,Miccosukee,,
Mingo,,,
Miskito,,,
Missouri,Missouria; Niúach; Niutachi,,
Miwok,,,
Mixe,Ayuukjä'äy,,
Mixtec,Mixteco; Ñuù savi,,
Mnong,Munong,,
Mobilian,,,
Moche,Mochica,,
Modoc,,,
Mohawk,Kanienʼkehá꞉ka,,Haudenosaunee
Mohegan,,,
Mohican,Mahican; Muhhekunneuw,,
Mojave,Mohave; Aha Macav,,
Mojo,Ignaciano; Mojeño; Moxo,,
Molala,Molalla; Molale,,
Mono,Monache,,
Montauk,,,
Mowachaht,,,Nuu-chah-nulth
Muchalaht,,,Nuu-chah-nulth
Muckleshoot,bəqəlšuł,,"Salish, Coast"
Munsee,,,Lenape
Mursi,Mun,,
Muruwari,Murrawarri,,
Muscogee,Muskogee; Mvskoke; Muscogee Creek,,Creek
Musqueam,xʷməθkʷəy̓əm,,"Salish, Coast"
Nahua,,,
Nahuatl,,,
Nak'waxda'xw,Nakoaktok; Nakwoktak; Nakwaxda'xw,,Kwakwaka'wakw
Nambé,Nambe Owingeh,,Tewa
Namgis,Nimkish; Nimpkish,,Kwakwaka'wakw
Nanticoke,,,
Narragansett,,,
Naskapi,ᓇᔅᑲᐱ; Iyiyiw; Skoffie,,Innu
Natchez,,,
Natick,Massachusett; Nipmuc,,
Navajo,Diné; Navaho,,
Ndau,,,
Nez Perce,Niimíipu,,Sahaptin
Ngäbe,Guaymi; Ngobe,,
Nipissing,Nbisiing,,Anishinaabe
Nipmuc,Nipmuck,,
Nisenan,,,Maidu
Nisga'a,Nass; Nisgha; Nishga; Nishka; Niska; Nisqa'a,,
Nisqually,Squalli-Absh; sq̓ʷaliʼabš,,"Salish, Coast"
Nivkh,Gilyak,,
Nlaka'pamux,Nlakapamuk; Nłeʔkepmx; Ntlakyapamuk; Thompson,,
Nomlaki,Noamlakee; Nomelaki; Central Wintun,,
Nongatl,,,
Nooksack,Noxws’áʔaq,,"Salish, Coast"
Nottoway,Cheroenhaka,,
Nuu-chah-nulth,Nootka; Nutka; Aht; Westcoast,"Ahousaht,Cheklesahht,Ditidaht,Ehattesaht,Hesquiaht,Hupacasath,Huu-ay-aht,Kyuquot,Mowachaht,Muchalaht,Tla-o-qui-aht,Toquaht,Tseshaht,Uchucklesaht,Ucluelet",
Nuxalk,Bella Coola; Bellacoola,,
O'dam,,,Tepehuán
Oceti Sakowin,Očhéthi Šakówiŋ; Sioux,"Assiniboine,Dakota,Lakota,Stoney",
Odawa,Ottawa,,Anishinaabe
Ofo,Ofoe; Mosopelea,,
Ohkay Owingeh,San Juan Pueblo,,Tewa
Ohlone,Costanoan,Chochenyo,
Ojibwe,Ojibwa; Chippewa; Ojibway,,Anishinaabe
Okwanuchu,,,
Olbrecht Papers,,,
Omaha,Umoⁿhoⁿ,,
Omushkego,Cree; Swampy; Mushkegowuk; Omushkigowack,,Cree
Oneida,Onyota'a:ka,,Haudenosaunee
Onondaga,Onöñda'gega',,Haudenosaunee
Ópata,,,
Osage,𐓁𐒻 𐓂𐒼𐒰𐓇𐒼𐒰͘,,
Otoe,Oto; Jiwére,,
Otomi,Hñahñu; Ñuhu; Ñhato; Ñuhmu,,
"Paiute, Northern",Numu,,
"Paiute, Southern",,,
Palauan,,,
Pame,Xi'úi,,
Pamunkey,,,
Papago,,,
Paresi,Paressi; Parecis,,
Pascagoula,,,
Passamaquoddy,Peskotomuhkati,,Wabanaki
Patwin,Southern Wintun,,
Paugussett,,,
Pawnee,Chaticks si Chaticks; Chatiks si Chatiks,,
Pennacook,,,Wabanaki
Penobscot,,,Wabanaki
Pentlatch,Puntlatch; Puntledge,,"Salish, Coast"
Peoria,,,
Pequot,,,
Piankashaw,Piankeshaw; Pianguichia; Peeyankihšiaki,,
Piaroa,De'arua; Wothuha,,
Picuris,Tiwa,,
Piikáni,Piegan; Pikuni; Peigan,,Blackfeet
Piipaash,Maricopa,,
Pima Bajo,Lower Pima; Mountain Pima; O'ob; Nevome,,
Pipil,Kuzcateku,,
Piscataway,Conoy,,
Pocasset,,,
Pochutec,Pochuteco,,
Pojoaque,P'osuwaege Owingeh,,Tewa
Pomo,,,
Ponca,,,
Popoluca,Nundajɨypappɨc; Soteapanec; Popoloca,,
Poqomam,Pokomam,,Maya
Poqomchi',,,Maya
Potawatomi,Pottawotomi; Neshnabé; Bodéwadmi,,Anishinaabe
Powhatan,,,
Purépecha,Tarascan (pej.); P'urhépecha,,
Puyallup,Spuyaləpabš; S'Puyalupubsh,,"Salish, Coast"
Q'eqchi',K'ekchi'; Kekchi,,Maya
Quapaw,Arkansas; Ugahxpa,,
Quechua,,Inca,
Queets,,,
Quileute,,,
Quinault,,,
Quinnipiac,Eansketambawg,,
Rama,,,
Rappahannock,,,
Rarámuri,Tarahumara,,
Ryukyuan,Okinawan; Uchinānchu,,
Saanich,WSANEC,,
Sacapulteco,Sacapultec; Sakapultek,,Maya
Sahaptin,Shahaptin,"Cayuse,Klickitat,Nez Perce,Tayx,Umatilla,Umpqua,Walla Walla,Yakama",
Sahewamish,,,"Salish, Coast"
Sahtú,North Slavey,K’ásho Got’ıné,
Sakha,Саха; Yakuts,,
Salinan,Salinian; Te'po'ta'ahl,,
"Salish, Coast",,"Cowichan,Duwamish,Klallam,Lekwungen,Lummi,Muckleshoot,Musqueam,Nisqually,Nooksack,Pentlatch,Puyallup,Sahewamish,Samish,Sammamish,Shishalh,Skagit,Snohomish,Snoqualmie,Snuneymuxw,Squamish,Stillaguamish,Stó:lō,Suquamish,Swinomish,Tillamook,Tla'amin,Tsawwassen,Tsleil-Waututh,T'Sou-ke,Twana,""Cowlitz, Lower""",
Sámi,Saami,,
Samish,,,"Salish, Coast"
Sammamish,,,"Salish, Coast"
Samoyed,,,
San Felipe,Katishtya; Keres,,
San Ildefonso,P'ohwhóge Owingeh,,Tewa
Sandia,Tiwa,,
Sanpoil,San Poil,,
Santa Ana,Keres; Dámáyàamʾèetrạ,,
Santa Clara,Kha'po Owingeh,,Tewa
Saponi,Saponny,,
Scaticook,Scatticook; Schaghticoke,,
Schitsu'umsh,Coeur d'Alene; Skitswish,,
se,,,
Secotan,,,
Secwépemc,Shuswap,,
Sekani,,,
Séliš,Salish; Flathead,,
Séliš-Ql̓ispé,,,
Seminole,Yat'siminoli,,
Seneca,Onöndowága,,Haudenosaunee
Seneca-Cayuga,,,
Senufo,Senoufo,,
Seri,Comcaac,,
Serrano,Taaqtam,,
Shasta,,,
Shawnee,,,
Shinnecock,,,
Shipibo-Conibo,,,
Shishalh,Sechelt; Shishá7lh,,"Salish, Coast"
Shoshone,Shoshoni; Newe,,
Siletz,,,
Sinixt,Lakes; Senjextee; Sin-Aikst,,
Sinkyone,Sinkine,,
Siuslaw,,,
Skagit,,,"Salish, Coast"
Snohomish,Sduhubš; Sdoh-doh-hohbsh,,"Salish, Coast"
Snoqualmie,Sduqwalbixw; Sduk-al-bixw,,"Salish, Coast"
Snuneymuxw,Sneneymux; Nanaimo,,"Salish, Coast"
Soyot,сойоты,,
Spokane,,,
Squamish,Sḵwx̱wú7mesh; Sko-ko-mish,,"Salish, Coast"
St'at'imc,Stl’atl’imx; Lillooet,,
Stillaguamish,stuləgʷábš,,"Salish, Coast"
Stó:lō,Fraser River,,"Salish, Coast"
Stockbridge-Munsee,,,
Stoney,Nakoda,,Oceti Sakowin
Stuwix,Nicola Valley Athapascans; Nicola-Similkameen,,
Subtiaba,Subtiava,,
Sugpiaq,Alutiiq,,
Suisun,,,
Suquamish,Suqwabš,,"Salish, Coast"
Susquehannock,Conestoga,,
Swinomish,,,"Salish, Coast"
Swiss,,,
Syilx,Okanagan; Okanogan,,
T'Sou-ke,Sook; Sooke; Ts'ook,,"Salish, Coast"
Taensa,Tensa; Tensaw,,
Tahltan,,,
Taíno,Arawak,,
Takelma,Rogue River,,
Tanacross,Koxt'een,,
"Tanana, Lower",Kokht'ana,,
"Tanana, Upper",Kohtʼiin,,
Taos,,,
Tarahumara,,,
Tataviam,Alliklik,,
Tawasa,,,
Tayx,,,Sahaptin
Tehuelche,Aónikenk,,
Tenino,,,
Tepecano,,,
Tepehuán,Tepehuanes; Tepehuano,O'dam,
Terena,,,
Tesuque,Tetsuge Owingeh,,Tewa
Tewa,,"Hopi-Tewa,Nambé,Ohkay Owingeh,Pojoaque,San Ildefonso,Santa Clara,Tesuque",
Ticuna,Tucuna; Magüta,,
Tigua,Ysleta del Sur,,
Tillamook,Nehalem; Nehelim; Nekelim,,"Salish, Coast"
Timbisha,Panamint; California Shoshoni; Death Valley Shoshone; Nümü Tümpisattsi,,
Timucua,,,
Tiriyó,Trio,,
Tiwanaku,Tiahuanaco; Tiahuanacu,,
Tla-o-qui-aht,Clayoquot,,Nuu-chah-nulth
Tla'amin,Sliammon,,"Salish, Coast"
Tlapanec,Me'phaa; Tlapaneco,,
Tłatłasikwala,,,Kwakwaka'wakw
Tlingit,Lingit; Łingit; Tlinkit,,
Tłı̨chǫ,Dogrib,,
Tofa,Tofalar; Karagas; тофа,,
Tohono O'odham,Papago,,
Tojolabal,Tojolab'al,,
Tolowa,Taa-laa-wa Dee-ni’,,
Toltec,,,
Tolupan,Jicaque,,
Tongva,Gabrieleño; Fernandeño,,
Tonkawa,Tickanwa-tic,,
Toquaht,,,Nuu-chah-nulth
Totonac,Totonaca,,
Triqui,Trique; Triki,,
Tsawwassen,sc̓əwaθən,,"Salish, Coast"
Tseshaht,,,Nuu-chah-nulth
Tsetsaut,Ts'ets'aut,,
Tsilhqot'in,Chilcotin; Tinneh,,
Tsimshian,Ts'msyan; Ts'msyen; Zimshian,,
Tsleil-Waututh,səl̓ilwətaɁɬ,,"Salish, Coast"
Tsuut'ina,Sarsi (pej.); Sarcee (pej.); Tsuu T'ina,,
Tuareg,,,
Tübatulabal,,,
Tunica,,,
Tupi,,,
Tuscarora,Ska:rù:rę',,Haudenosaunee
"Tutchone, Northern",,,
"Tutchone, Southern",,,
Tutelo,Yesan,,
Tututni,Rogue River,,
Twana,,,"Salish, Coast"
Tzeltal,Winik Atel; Batzil’op,,
Tzotzil,Tsotsil,,Maya
Uchucklesaht,,,Nuu-chah-nulth
Ucluelet,Yuułuʔiłʔatḥ,,Nuu-chah-nulth
Umatilla,Natítayt,,Sahaptin
Umpqua,,,Sahaptin
Umutina,Umotina,,
Unangax̂,Aleut; Unangas; Unangan; Алеу́ты; Унаӈан; Унаӈас,,
Unkechaug,Unquachog,,
Upper Kuskokwim,Kolchan; Dichinanek' Hwt'ana,,
Uru,Qhas Qut Suñi,,
Ute,,,
Úza,Chichimeca-Jonaz,,
Wabanaki,Wabenaki; Wobanaki,"Abenaki,Mi'kmaq,Passamaquoddy,Pennacook,Penobscot,Wolastoqiyik",
Waccamaw,,,
Wailaki,,,
Waimiri-Atroari,Kinja,,
Walla Walla,Waluulapam; Natítayt,,Sahaptin
Wallowa,,,
Wampanoag,Wôpanâak,Mashpee,
Wapishana,Wapichan,,
Wappo,,,
Warao,,,
Wasco-Wishram,,,Chinook
Washo,Wašiw; Washoe; Waashiw,,
Wateree,Wataree,,
Wayana,Uaiana,,
Wayuu,Goajiro; Guajiro,,
Wea,,,
Wenatchi,Wenatchee; Columbia-Wenatchi; šnp̓əšqʷáw̓šəxʷ,,
Wenrohronon,Wenro,,
Wet'suwet'en,Wetsuweten; Hwotsotenne,,
Whilkut,Redwood Creek; Mad River,,
Wichí,Mataco (pej.),,
Wichita,,,
Willapa,Kwalhioqua; Willoopah,,
Wintu,Northern Wintun,,
Wishram,Wasco-Wishram,,Chinook
Wiwekam,,,Kwakwaka'wakw
Wiweqayi,,,Kwakwaka'wakw
Wiyot,,,
Wolastoqiyik,Wəlastəkwewiyik; Malecite; Maliseet,,Wabanaki
Wuikinuxv,Ooweekeno; Northern Kwakiutl,,
Wyandot,Huron; Wendat; Wyandotte; Huron-Wyandot,,
Xavante,Akuen,,
Xinca,Xinka,,
Yahi,,,Yana
Yakama,Yakima,,Sahaptin
Yakutat,,,
Yamasee,,,
Yana,,Yahi,
Yanesha',Amuesha,,
Yanomami,Yąnomamö; Yanomama,,
Yaqui,Hiaki; Yoeme,,
Yavapai,,,
Ye'kuana,Maquiritari; So'to; Yecuana,,
Yeniseian,,,
Yine,Piro,,
Yokuts,,,
Yucatec,Yucateco,,Maya
Yuchi,Euchee,,
Yukaghir,юкаги́ры; одул; деткиль,,
Yuki,Huchnom,,
Yup'ik,Yupik; Yupiit; Yup'ik; Central Alaskan; Eskimo (pej.),"Cup'ik,""Yupik, Siberian""",
"Yupik, Siberian",Yupighyt; Юиты; Eskimo (pej.),,Yup'ik
Yurok,Pueleekla’; Puliklah,,
Zapotec,Zapoteco; Zapoteca,,
Zia,Tsʾíiyʾamʾé; Keres; Sia,,
Zoque,,,
Zulu,AmaZulu,,
Zuni,A:shiwi,,